Brand,Rank,RankLastYear,Value,ValueLastYear,Rate,RateLastYear,Year,Sector
Apple,1,3,263374.7,140524.32,AAA,AAA,2021,Tech
Amazon,2,1,254187.58,220790.75,AAA+,AAA,2021,Retail
Google,3,2,191214.84,188511.64,AAA,AAA,2021,Media
Microsoft,4,4,140435.35,117072.01,AAA,AAA,2021,Tech
Samsung Group,5,5,102623,94494,AAA-,AAA-,2021,Tech
Walmart,6,8,93185.28,77520.39,AA+,AA+,2021,Retail
Facebook,7,7,81476.37,79804.43,AA+,AA+,2021,Media
ICBC,8,6,72788.38,80791.01,AAA,AAA,2021,Banking
Verizon,9,12,68889.5,63692.08,AAA,AAA-,2021,Telecoms
WeChat,10,19,67901.98,54146.08,AAA+,AAA+,2021,Media
China Construction Bank,11,13,59649.12,62602.22,AAA,AAA-,2021,Banking
Toyota,12,15,59479,58076,AAA,AAA,2021,Automobiles
Mercedes-Benz,13,11,58225,65041,AAA-,AAA-,2021,Automobiles
Tencent,14,26,56432.39,44090.62,AAA,AAA+,2021,Media
Huawei,15,10,55395.83,65084.36,AAA,AAA-,2021,Tech
State Grid,16,16,55202.86,56964.84,AAA-,AAA-,2021,Utilities
Ping An,17,9,54579,69041,AAA-,AAA-,2021,Insurance
Taobao,18,36,53335.29,36986.44,AAA,AAA-,2021,Retail
Agricultural Bank Of China,19,18,53134.09,54657.8,AAA-,AAA-,2021,Banking
Home Depot,20,21,52917.39,50508.29,AAA,AAA-,2021,Retail
AT&T,21,14,51372.34,59103.13,AA,AA+,2021,Telecoms
Disney,22,17,51244.01,56123.32,AAA+,AAA+,2021,Media
Deutsche Telekom,23,30,51107.03,39956.07,AA+,AA+,2021,Telecoms
Tmall,24,48,49178.92,30651.99,AAA,AAA-,2021,Retail
Bank of China,25,20,48689.28,50629.56,AAA,AAA-,2021,Banking
Volkswagen,26,25,47020,44897,AAA-,AA+,2021,Automobiles
Moutai,27,31,45333.22,39332.15,AAA,AAA,2021,Spirits
Shell,28,23,42156.08,47528.71,AAA,AAA,2021,Oil & Gas
BMW,29,29,40447.11,40483.36,AAA-,AAA-,2021,Automobiles
Alibaba.com,30,92,39155.52,18818.92,AAA,AA+,2021,Retail
Starbucks,31,27,38440.12,41042.79,AAA-,AAA-,2021,Restaurants
China Mobile,32,22,37558.89,49022.94,AAA-,AAA,2021,Telecoms
Saudi Aramco,33,24,37478.64,46767.76,AA,AA,2021,Oil & Gas
Mitsubishi Group,34,34,36296.92,37652,AA-,A+,2021,Automobiles
Marlboro,35,45,35572,32671,AA+,AA+,2021,Tobacco
Porsche,36,40,34325.53,33911.04,AAA-,AAA-,2021,Automobiles
NTT Group,37,37,34238,36351,AA,AA,2021,Telecoms
McDonald's,38,35,33838.36,37448.65,AAA,AAA,2021,Restaurants
Coca-Cola,39,33,33166.17,37934.97,AAA+,AAA+,2021,Soft Drinks
Bank of America,40,38,32787.35,35361.45,AA+,AA+,2021,Banking
Citi,41,43,32199.99,33131,AAA-,AA+,2021,Banking
Tesla,42,147,31985.9,12415.87,AA+,AA,2021,Automobiles
Intel,43,54,31817.2,27507.18,AAA,AAA,2021,Tech
Wells Fargo,44,28,31804.69,40881.04,AA+,AAA-,2021,Banking
PetroChina,45,32,31414.63,38028.1,AA+,AAA-,2021,Oil & Gas
Honda,46,44,31366,33102,AAA,AAA-,2021,Automobiles
Nike,47,39,30443.3,34792.37,AAA,AAA,2021,Apparel
CSCEC,48,60,30383.3,24820.07,AA,AA-,2021,Engineering & Construction
Lowe's,49,62,30376.09,24756.74,AAA-,AA+,2021,Retail
UPS,50,49,30055.96,29481.7,AA+,AAA-,2021,Logistics
Costco,51,76,28887.9,22603.51,AA+,AA,2021,Retail
Chase,52,47,28849.24,31249.53,AA+,AA+,2021,Banking
IBM,53,42,27428,33358,AA+,AAA-,2021,Tech
UnitedHealthcare,54,52,27308.02,28323.55,AA,AA,2021,Healthcare
CVS,55,69,26942.29,23182.46,AA+,AA,2021,Retail
Deloitte,56,46,26661.77,32470.84,AAA+,AAA+,2021,Commericial Services
VISA,57,55,26507.84,26856.39,AAA,AAA,2021,Commericial Services
Sinopec,58,41,26397.98,33437.01,AA+,AAA-,2021,Oil & Gas
Oracle,59,66,26156.75,23590.47,AA,AA,2021,Tech
accenture,60,58,26028.06,25293.52,AAA,AAA-,2021,IT Services
Wuliangye,61,78,25768.07,20872.01,AAA,AAA-,2021,Spirits
Xfinity,62,51,25226.81,28828.36,AA,AA,2021,Telecoms
Instagram,63,56,25073.11,26436.94,AAA,AAA,2021,Media
Netflix,64,72,24943.42,22944.7,AAA,AAA-,2021,Media
Sumitomo Group,65,53,24122.19,27903,A+,A+,2021,Trading Houses
JP Morgan,66,74,23565.13,22825.74,AAA,AAA-,2021,Banking
American Express,67,50,23558.79,29160.48,AA+,AAA-,2021,Commericial Services
JD.com,68,142,23539.49,12938,AAA,AAA-,2021,Retail
FedEx,69,71,23538.64,22990.38,AA,AA+,2021,Logistics
Hyundai Group,70,81,23092.43,20148,AA,A+,2021,Automobiles
Ford,71,93,22676,18515,AA+,AA+,2021,Automobiles
China Life,72,57,22578,25465.95,AAA-,AAA-,2021,Insurance
Mitsui,73,63,22495.82,24338,A+,AA-,2021,Trading Houses
PWC,74,61,22231.61,24807.53,AAA,AAA+,2021,Commericial Services
Spectrum,75,89,21423.61,19265.87,AA,AA,2021,Telecoms
BP,76,68,21366.68,23267.12,AA,AA,2021,Oil & Gas
TATA Group,77,84,21283.1,20001.42,AAA-,AA+,2021,Conglomerate
SK Group,78,77,21115.26,21517,AA,AA-,2021,Trading Houses
China Merchants Bank,79,73,21043.7,22883.67,AA+,AA+,2021,Banking
Target,80,114,20685.19,15873.31,AA+,AA+,2021,Retail
Siemens Group,81,83,20646,20056.55,AA+,AAA,2021,Engineering & Construction
Uber,82,119,20477.9,15297.46,AA-,AA+,2021,Tech
EY,83,65,20287.4,23704.99,AAA+,AAA,2021,Commericial Services
Allianz,84,59,20203.93,24837.77,AA+,AAA-,2021,Insurance
Evergrande,85,79,20188.86,20552.42,AA+,AA,2021,Real Estate
Cisco,86,67,20122.38,23321.8,AA+,AA+,2021,Tech
Country Garden,87,102,19490.22,17132.49,AA,AA-,2021,Real Estate
Nestle,88,80,19427.99,20308.63,AAA,AAA-,2021,Food
Vodafone,89,90,19252.35,19120.55,AA+,AA+,2021,Telecoms
Mastercard,90,85,19117.21,19838.18,AAA-,AAA-,2021,Commericial Services
Orange,91,95,19091.87,18130.55,AA+,AA+,2021,Telecoms
LG Group,92,101,18519.05,17144,AA+,AA,2021,Tech
Dell Technologies,93,99,18427,17630,AA,AA,2021,Tech
Bosch,94,86,18380.74,19595.56,AA+,AA+,2021,Engineering & Construction
Pepsi,95,91,18365.05,18921.74,AAA,AAA,2021,Soft Drinks
Total,96,70,18122.48,23156.65,AA+,AA+,2021,Oil & Gas
General Electric,97,64,18028.43,24204.55,AA+,AAA-,2021,Engineering & Construction
SAP,98,107,17991.5,16549.67,AA-,AA-,2021,Tech
IKEA,99,87,17977.19,19498.79,AAA-,AAA-,2021,Retail
Volvo,100,105,17750,16914,AA+,AA,2021,Automobiles
AXA,101,111,üîí,üîí,üîí,üîí,2021,
YouTube,102,110,üîí,üîí,üîí,üîí,2021,
Audi,103,104,üîí,üîí,üîí,üîí,2021,
Vanke,104,150,üîí,üîí,üîí,üîí,2021,
HSBC,105,88,üîí,üîí,üîí,üîí,2021,
PayPal,106,115,üîí,üîí,üîí,üîí,2021,
Nissan,107,96,üîí,üîí,üîí,üîí,2021,
Walgreens,108,124,üîí,üîí,üîí,üîí,2021,
Hitachi,109,129,üîí,üîí,üîí,üîí,2021,
TD,110,113,üîí,üîí,üîí,üîí,2021,
Chevron,111,97,üîí,üîí,üîí,üîí,2021,
CRCC,112,151,üîí,üîí,üîí,üîí,2021,
Anthem,113,106,üîí,üîí,üîí,üîí,2021,
RBC,114,117,üîí,üîí,üîí,üîí,2021,
Sony,115,144,üîí,üîí,üîí,üîí,2021,
Bank of Communications,116,121,üîí,üîí,üîí,üîí,2021,
GUCCI,117,98,üîí,üîí,üîí,üîí,2021,
Aldi,118,130,üîí,üîí,üîí,üîí,2021,
CPIC,119,132,üîí,üîí,üîí,üîí,2021,
KFC,120,103,üîí,üîí,üîí,üîí,2021,
Shanghai Pudong Development Bank,121,134,üîí,üîí,üîí,üîí,2021,
CRECG,122,163,üîí,üîí,üîí,üîí,2021,
Louis Vuitton,123,109,üîí,üîí,üîí,üîí,2021,
au,124,116,üîí,üîí,üîí,üîí,2021,
China CITIC Bank,125,140,üîí,üîí,üîí,üîí,2021,
Adidas,126,108,üîí,üîí,üîí,üîí,2021,
Santander,127,100,üîí,üîí,üîí,üîí,2021,
AIA,128,94,üîí,üîí,üîí,üîí,2021,
NetEase,129,141,üîí,üîí,üîí,üîí,2021,
Goldman Sachs,130,161,üîí,üîí,üîí,üîí,2021,
Chevrolet,131,133,üîí,üîí,üîí,üîí,2021,
Boeing,132,75,üîí,üîí,üîí,üîí,2021,
Postal Savings Bank,133,137,üîí,üîí,üîí,üîí,2021,
ExxonMobil,134,118,üîí,üîí,üîí,üîí,2021,
Humana,135,146,üîí,üîí,üîí,üîí,2021,
China Telecom,136,82,üîí,üîí,üîí,üîí,2021,
Chanel,137,136,üîí,üîí,üîí,üîí,2021,
Salesforce,138,176,üîí,üîí,üîí,üîí,2021,
ZARA,139,128,üîí,üîí,üîí,üîí,2021,
UNIQLO,140,143,üîí,üîí,üîí,üîí,2021,
Capital One,141,127,üîí,üîí,üîí,üîí,2021,
SoftBank,142,112,üîí,üîí,üîí,üîí,2021,
China Minsheng Bank,143,184,üîí,üîí,üîí,üîí,2021,
Optum,144,153,üîí,üîí,üîí,üîí,2021,
BNP Paribas,145,138,üîí,üîí,üîí,üîí,2021,
H&M,146,135,üîí,üîí,üîí,üîí,2021,
TSMC,147,218,üîí,üîí,üîí,üîí,2021,
KPMG,148,125,üîí,üîí,üîí,üîí,2021,
MUFG,149,192,üîí,üîí,üîí,üîí,2021,
Industrial Bank,150,174,üîí,üîí,üîí,üîí,2021,
Cartier,151,123,üîí,üîí,üîí,üîí,2021,
Petronas,152,120,üîí,üîí,üîí,üîí,2021,
Enel,153,155,üîí,üîí,üîí,üîí,2021,
JR,154,152,üîí,üîí,üîí,üîí,2021,
Adobe,155,194,üîí,üîí,üîí,üîí,2021,
Herm√®s,156,154,üîí,üîí,üîí,üîí,2021,
Universal,157,126,üîí,üîí,üîí,üîí,2021,
Lidl,158,148,üîí,üîí,üîí,üîí,2021,
Greenland,159,159,üîí,üîí,üîí,üîí,2021,
Longfor Properties,160,198,üîí,üîí,üîí,üîí,2021,
GEICO,161,175,üîí,üîí,üîí,üîí,2021,
Sam's Club,162,182,üîí,üîí,üîí,üîí,2021,
ADNOC,163,160,üîí,üîí,üîí,üîí,2021,
Johnson & Johnson,164,170,üîí,üîí,üîí,üîí,2021,
Lockheed Martin,165,145,üîí,üîí,üîí,üîí,2021,
China Everbright Bank,166,183,üîí,üîí,üîí,üîí,2021,
L'Or√©al,167,156,üîí,üîí,üîí,üîí,2021,
Warner Bros,168,164,üîí,üîí,üîí,üîí,2021,
Tesco,169,166,üîí,üîí,üîí,üîí,2021,
ING,170,162,üîí,üîí,üîí,üîí,2021,
Renault,171,168,üîí,üîí,üîí,üîí,2021,
Sephora,172,169,üîí,üîí,üîí,üîí,2021,
Panasonic,173,158,üîí,üîí,üîí,üîí,2021,
Midea,174,149,üîí,üîí,üîí,üîí,2021,
China Resources Land,175,222,üîí,üîí,üîí,üîí,2021,
Dollar General,176,262,üîí,üîí,üîí,üîí,2021,
Yili,177,216,üîí,üîí,üîí,üîí,2021,
DHL,178,180,üîí,üîí,üîí,üîí,2021,
Morgan Stanley,179,208,üîí,üîí,üîí,üîí,2021,
Sber,180,139,üîí,üîí,üîí,üîí,2021,
Nokia,181,181,üîí,üîí,üîí,üîí,2021,
Engie,182,165,üîí,üîí,üîí,üîí,2021,
Yahoo! Group,183,220,üîí,üîí,üîí,üîí,2021,
Xiaomi,184,319,üîí,üîí,üîí,üîí,2021,
Medtronic,185,190,üîí,üîí,üîí,üîí,2021,
China Overseas Land & Invest,186,258,üîí,üîí,üîí,üîí,2021,
EDF,187,203,üîí,üîí,üîí,üîí,2021,
Ferrari,188,206,üîí,üîí,üîí,üîí,2021,
stc,189,242,üîí,üîí,üîí,üîí,2021,
Purina,190,241,üîí,üîí,üîí,üîí,2021,
Airbus,191,131,üîí,üîí,üîí,üîí,2021,
7-Eleven,192,215,üîí,üîí,üîí,üîí,2021,
Poly Real Estate,193,204,üîí,üîí,üîí,üîí,2021,
BMO,194,189,üîí,üîí,üîí,üîí,2021,
Scotiabank,195,179,üîí,üîí,üîí,üîí,2021,
Barclays,196,172,üîí,üîí,üîí,üîí,2021,
Sky,197,197,üîí,üîí,üîí,üîí,2021,
Woolworths,198,235,üîí,üîí,üîí,üîí,2021,
Progressive,199,229,üîí,üîí,üîí,üîí,2021,
Equinor,200,187,üîí,üîí,üîí,üîí,2021,
Lexus,201,199,üîí,üîí,üîí,üîí,2021,
PICC,202,167,üîí,üîí,üîí,üîí,2021,
Japan Post Holdings,203,213,üîí,üîí,üîí,üîí,2021,
S&P Global,204,-,üîí,üîí,üîí,üîí,2021,
UBS,205,201,üîí,üîí,üîí,üîí,2021,
LIC,206,238,üîí,üîí,üîí,üîí,2021,
Gree,207,186,üîí,üîí,üîí,üîí,2021,
Etisalat,208,225,üîí,üîí,üîí,üîí,2021,
Eni,209,196,üîí,üîí,üîí,üîí,2021,
NBC,210,122,üîí,üîí,üîí,üîí,2021,
HP,211,202,üîí,üîí,üîí,üîí,2021,
Infosys,212,284,üîí,üîí,üîí,üîí,2021,
U.S. Bank,213,221,üîí,üîí,üîí,üîí,2021,
eBay,214,234,üîí,üîí,üîí,üîí,2021,
Metlife,215,253,üîí,üîí,üîí,üîí,2021,
Brookfield,216,276,üîí,üîí,üîí,üîí,2021,
Power China,217,251,üîí,üîí,üîí,üîí,2021,
LinkedIn,218,248,üîí,üîí,üîí,üîí,2021,
E.Leclerc,219,317,üîí,üîí,üîí,üîí,2021,
booking.com,220,177,üîí,üîí,üîí,üîí,2021,
Canon,221,193,üîí,üîí,üîí,üîí,2021,
Danone,222,249,üîí,üîí,üîí,üîí,2021,
Carrefour,223,211,üîí,üîí,üîí,üîí,2021,
Subway,224,243,üîí,üîí,üîí,üîí,2021,
Subaru,225,217,üîí,üîí,üîí,üîí,2021,
Red Bull,226,285,üîí,üîí,üîí,üîí,2021,
Reliance,227,266,üîí,üîí,üîí,üîí,2021,
ESPN,228,233,üîí,üîí,üîí,üîí,2021,
Nvidia,229,453,üîí,üîí,üîí,üîí,2021,
Publix,230,305,üîí,üîí,üîí,üîí,2021,
Cognizant,231,219,üîí,üîí,üîí,üîí,2021,
Truist,232,279,üîí,üîí,üîí,üîí,2021,
3M,233,210,üîí,üîí,üîí,üîí,2021,
HCA,234,212,üîí,üîí,üîí,üîí,2021,
Vinci,235,244,üîí,üîí,üîí,üîí,2021,
Travelers,236,283,üîí,üîí,üîí,üîí,2021,
Rolex,237,247,üîí,üîí,üîí,üîí,2021,
China Unicom,238,195,üîí,üîí,üîí,üîí,2021,
Caterpillar,239,347,üîí,üîí,üîí,üîí,2021,
John Deere,240,230,üîí,üîí,üîí,üîí,2021,
Movistar,241,185,üîí,üîí,üîí,üîí,2021,
Dior,242,298,üîí,üîí,üîí,üîí,2021,
Haier,243,254,üîí,üîí,üîí,üîí,2021,
DBS,244,224,üîí,üîí,üîí,üîí,2021,
Baidu,245,207,üîí,üîí,üîí,üîí,2021,
Rakuten,246,400,üîí,üîí,üîí,üîí,2021,
Zurich,247,231,üîí,üîí,üîí,üîí,2021,
Roche,248,260,üîí,üîí,üîí,üîí,2021,
Marubeni,249,178,üîí,üîí,üîí,üîí,2021,
BBVA,250,191,üîí,üîí,üîí,üîí,2021,
Fox,251,226,üîí,üîí,üîí,üîí,2021,
BNSF,252,264,üîí,üîí,üîí,üîí,2021,
Hilton,253,171,üîí,üîí,üîí,üîí,2021,
Generali Group,254,236,üîí,üîí,üîí,üîí,2021,
Rabobank,255,252,üîí,üîí,üîí,üîí,2021,
Gillette,256,223,üîí,üîí,üîí,üîí,2021,
Union Pacific,257,214,üîí,üîí,üîí,üîí,2021,
Philips,258,289,üîí,üîí,üîí,üîí,2021,
Sunac,259,263,üîí,üîí,üîí,üîí,2021,
Intesa Sanpaolo,260,320,üîí,üîí,üîí,üîí,2021,
BASF,261,246,üîí,üîí,üîí,üîí,2021,
Chubb,262,314,üîí,üîí,üîí,üîí,2021,
Bell,263,286,üîí,üîí,üîí,üîí,2021,
Merrill,264,288,üîí,üîí,üîí,üîí,2021,
Meituan,265,480,üîí,üîí,üîí,üîí,2021,
Canada Life,266,250,üîí,üîí,üîí,üîí,2021,
Pall Mall,267,342,üîí,üîí,üîí,üîí,2021,
Yanghe,268,255,üîí,üîí,üîí,üîí,2021,
CNBM,269,355,üîí,üîí,üîí,üîí,2021,
SF Express,270,461,üîí,üîí,üîí,üîí,2021,
Luzhou Laojiao,271,376,üîí,üîí,üîí,üîí,2021,
Northrop Grumman,272,267,üîí,üîí,üîí,üîí,2021,
Cigna,273,257,üîí,üîí,üîí,üîí,2021,
Telenor,274,334,üîí,üîí,üîí,üîí,2021,
CIBC,275,245,üîí,üîí,üîí,üîí,2021,
Land Rover,276,259,üîí,üîí,üîí,üîí,2021,
L&M,277,332,üîí,üîí,üîí,üîí,2021,
Allstate,278,205,üîí,üîí,üîí,üîí,2021,
Michelin,279,280,üîí,üîí,üîí,üîí,2021,
VMWARE,280,392,üîí,üîí,üîí,üîí,2021,
Aviva,281,274,üîí,üîí,üîí,üîí,2021,
Telstra,282,240,üîí,üîí,üîí,üîí,2021,
Nippon Life Insurance,283,296,üîí,üîí,üîí,üîí,2021,
Sherwin-Williams,284,326,üîí,üîí,üîí,üîí,2021,
Bridgestone,285,290,üîí,üîí,üîí,üîí,2021,
PNC,286,256,üîí,üîí,üîí,üîí,2021,
CNOOC,287,272,üîí,üîí,üîí,üîí,2021,
Pampers,288,328,üîí,üîí,üîí,üîí,2021,
CRRC,289,278,üîí,üîí,üîí,üîí,2021,
Capgemini,290,312,üîí,üîí,üîí,üîí,2021,
Playstation,291,275,üîí,üîí,üîí,üîí,2021,
Enterprise,292,269,üîí,üîí,üîí,üîí,2021,
Kellogg's,293,306,üîí,üîí,üîí,üîí,2021,
3,294,309,üîí,üîí,üîí,üîí,2021,
HDFC Bank,295,350,üîí,üîí,üîí,üîí,2021,
Aetna,296,228,üîí,üîí,üîí,üîí,2021,
Lay's,297,393,üîí,üîí,üîí,üîí,2021,
Commonwealth Bank,298,287,üîí,üîí,üîí,üîí,2021,
Broadcom,299,282,üîí,üîí,üîí,üîí,2021,
TJ Maxx,300,188,üîí,üîí,üîí,üîí,2021,
Asda,301,330,üîí,üîí,üîí,üîí,2021,
Mizuho Financial Group,302,308,üîí,üîí,üîí,üîí,2021,
Kroger,303,337,üîí,üîí,üîí,üîí,2021,
Gazprom,304,261,üîí,üîí,üîí,üîí,2021,
Daiwa House,305,329,üîí,üîí,üîí,üîí,2021,
Honeywell,306,271,üîí,üîí,üîí,üîí,2021,
Activision Blizzard,307,397,üîí,üîí,üîí,üîí,2021,
Tyson,308,227,üîí,üîí,üîí,üîí,2021,
MCC,309,362,üîí,üîí,üîí,üîí,2021,
Credit Suisse,310,294,üîí,üîí,üîí,üîí,2021,
Telus,311,315,üîí,üîí,üîí,üîí,2021,
Thermo Fisher Scientific,312,409,üîí,üîí,üîí,üîí,2021,
Best Buy,313,406,üîí,üîí,üîí,üîí,2021,
Youku,314,313,üîí,üîí,üîí,üîí,2021,
Raytheon Technologies,315,398,üîí,üîí,üîí,üîí,2021,
Poste Italiane,316,310,üîí,üîí,üîí,üîí,2021,
Nivea,317,268,üîí,üîí,üîí,üîí,2021,
Fubon Financial,318,379,üîí,üîí,üîí,üîí,2021,
Hikvision,319,297,üîí,üîí,üîí,üîí,2021,
El Corte Ingl√©s,320,402,üîí,üîí,üîí,üîí,2021,
QNB,321,344,üîí,üîí,üîí,üîí,2021,
Domino's Pizza,322,369,üîí,üîí,üîí,üîí,2021,
Airtel,323,472,üîí,üîí,üîí,üîí,2021,
20th Television,324,237,üîí,üîí,üîí,üîí,2021,
Viettel,325,357,üîí,üîí,üîí,üîí,2021,
Standard Chartered,326,366,üîí,üîí,üîí,üîí,2021,
TIM,327,273,üîí,üîí,üîí,üîí,2021,
KEPCO,328,265,üîí,üîí,üîí,üîí,2021,
Nescaf√©,329,338,üîí,üîí,üîí,üîí,2021,
Bouygues,330,365,üîí,üîí,üîí,üîí,2021,
Circle K,331,386,üîí,üîí,üîí,üîí,2021,
CBS,332,157,üîí,üîí,üîí,üîí,2021,
ABC,333,352,üîí,üîí,üîí,üîí,2021,
State Bank of India,334,325,üîí,üîí,üîí,üîí,2021,
Corona,335,239,üîí,üîí,üîí,üîí,2021,
Qualcomm,336,281,üîí,üîí,üîí,üîí,2021,
Taco Bell,337,388,üîí,üîí,üîí,üîí,2021,
Delta,338,200,üîí,üîí,üîí,üîí,2021,
BT,339,348,üîí,üîí,üîí,üîí,2021,
Valero,340,302,üîí,üîí,üîí,üîí,2021,
Dunkin',341,399,üîí,üîí,üîí,üîí,2021,
Guerlain,342,368,üîí,üîí,üîí,üîí,2021,
Est√©e Lauder,343,333,üîí,üîí,üîí,üîí,2021,
Heineken,344,292,üîí,üîí,üîí,üîí,2021,
FIS,345,380,üîí,üîí,üîí,üîí,2021,
AutoZone,346,356,üîí,üîí,üîí,üîí,2021,
Coles,347,401,üîí,üîí,üîí,üîí,2021,
HPE,348,323,üîí,üîí,üîí,üîí,2021,
BAE Systems,349,438,üîí,üîí,üîí,üîí,2021,
Spotify,350,-,üîí,üîí,üîí,üîí,2021,
Discover,351,318,üîí,üîí,üîí,üîí,2021,
Pemex,352,295,üîí,üîí,üîí,üîí,2021,
HCL,353,424,üîí,üîí,üîí,üîí,2021,
Fresenius,354,335,üîí,üîí,üîí,üîí,2021,
O2,355,331,üîí,üîí,üîí,üîí,2021,
Jeep,356,-,üîí,üîí,üîí,üîí,2021,
Nintendo,357,389,üîí,üîí,üîí,üîí,2021,
China Post,358,277,üîí,üîí,üîí,üîí,2021,
Xbox,359,381,üîí,üîí,üîí,üîí,2021,
Lukoil,360,353,üîí,üîí,üîí,üîí,2021,
Whole Foods,361,432,üîí,üîí,üîí,üîí,2021,
Tiffany & Co.,362,345,üîí,üîí,üîí,üîí,2021,
CFLD,363,419,üîí,üîí,üîí,üîí,2021,
SFR,364,377,üîí,üîí,üîí,üîí,2021,
CJ Group,365,361,üîí,üîí,üîí,üîí,2021,
Lego,366,316,üîí,üîí,üîí,üîí,2021,
Unicharm Corp,367,430,üîí,üîí,üîí,üîí,2021,
Mahindra Group,368,363,üîí,üîí,üîí,üîí,2021,
Munich Re,369,450,üîí,üîí,üîí,üîí,2021,
Suning,370,299,üîí,üîí,üîí,üîí,2021,
Tokio Marine,371,410,üîí,üîí,üîí,üîí,2021,
American Airlines,372,209,üîí,üîí,üîí,üîí,2021,
Lenovo,373,391,üîí,üîí,üîí,üîí,2021,
CCCC,374,403,üîí,üîí,üîí,üîí,2021,
Chow Tai Fook,375,359,üîí,üîí,üîí,üîí,2021,
Swisscom,376,405,üîí,üîí,üîí,üîí,2021,
PTT,377,339,üîí,üîí,üîí,üîí,2021,
Pantene,378,378,üîí,üîí,üîí,üîí,2021,
Kia,379,-,üîí,üîí,üîí,üîí,2021,
McKinsey,380,364,üîí,üîí,üîí,üîí,2021,
Carmax,381,373,üîí,üîí,üîí,üîí,2021,
Iberdrola,382,433,üîí,üîí,üîí,üîí,2021,
Pizza Hut,383,387,üîí,üîí,üîí,üîí,2021,
Manulife,384,476,üîí,üîí,üîí,üîí,2021,
Dove,385,414,üîí,üîí,üîí,üîí,2021,
Soci√©t√© G√©n√©rale,386,270,üîí,üîí,üîí,üîí,2021,
Ita√∫,387,301,üîí,üîí,üîí,üîí,2021,
Hua Xia Bank,388,-,üîí,üîí,üîí,üîí,2021,
Cr√©dit Mutuel,389,426,üîí,üîí,üîí,üîí,2021,
ADP,390,322,üîí,üîí,üîí,üîí,2021,
Wrigley,391,418,üîí,üîí,üîí,üîí,2021,
Shinhan Financial Group,392,447,üîí,üîí,üîí,üîí,2021,
Sysco,393,367,üîí,üîí,üîí,üîí,2021,
General Dynamics,394,382,üîí,üîí,üîí,üîí,2021,
Clinique,395,336,üîí,üîí,üîí,üîí,2021,
United Airlines,396,232,üîí,üîí,üîí,üîí,2021,
Prudential (US),397,307,üîí,üîí,üîí,üîí,2021,
BHP,398,358,üîí,üîí,üîí,üîí,2021,
AbbVie,399,-,üîí,üîí,üîí,üîí,2021,
Applied Materials,400,-,üîí,üîí,üîí,üîí,2021,
McKesson,401,444,üîí,üîí,üîí,üîí,2021,
Lloyds Bank,402,291,üîí,üîí,üîí,üîí,2021,
Centene Corporation,403,383,üîí,üîí,üîí,üîí,2021,
Swiss Re,404,293,üîí,üîí,üîí,üîí,2021,
Monster,405,464,üîí,üîí,üîí,üîí,2021,
Cr√©dit Agricole,406,371,üîí,üîí,üîí,üîí,2021,
NatWest,407,349,üîí,üîí,üîí,üîí,2021,
Jio,408,-,üîí,üîí,üîí,üîí,2021,
Budweiser,409,324,üîí,üîí,üîí,üîí,2021,
Mengniu,410,395,üîí,üîí,üîí,üîí,2021,
Mercadona,411,465,üîí,üîí,üîí,üîí,2021,
Centurylink,412,477,üîí,üîí,üîí,üîí,2021,
E.ON,413,-,üîí,üîí,üîí,üîí,2021,
ABB,414,411,üîí,üîí,üîí,üîí,2021,
Zalando,415,-,üîí,üîí,üîí,üîí,2021,
COACH,416,303,üîí,üîí,üîí,üîí,2021,
Micron Technology,417,372,üîí,üîí,üîí,üîí,2021,
Hyatt,418,466,üîí,üîí,üîí,üîí,2021,
KB Financial Group,419,-,üîí,üîí,üîí,üîí,2021,
Rogers,420,375,üîí,üîí,üîí,üîí,2021,
Emirates,421,300,üîí,üîí,üîí,üîí,2021,
Claro,422,340,üîí,üîí,üîí,üîí,2021,
Danaher,423,-,üîí,üîí,üîí,üîí,2021,
The North Face,424,-,üîí,üîí,üîí,üîí,2021,
Express Scripts,425,420,üîí,üîí,üîí,üîí,2021,
ANZ,426,449,üîí,üîí,üîí,üîí,2021,
Daikin,427,455,üîí,üîí,üîí,üîí,2021,
Texas Instruments,428,460,üîí,üîí,üîí,üîí,2021,
Conch,429,-,üîí,üîí,üîí,üîí,2021,
Ross Dress For Less,430,321,üîí,üîí,üîí,üîí,2021,
OCBC Bank,431,428,üîí,üîí,üîí,üîí,2021,
Tide,432,-,üîí,üîí,üîí,üîí,2021,
BD,433,488,üîí,üîí,üîí,üîí,2021,
Geely,434,431,üîí,üîí,üîí,üîí,2021,
AIG,435,463,üîí,üîí,üîí,üîí,2021,
Haidilao,436,442,üîí,üîí,üîí,üîí,2021,
BUICK,437,456,üîí,üîí,üîí,üîí,2021,
Sprite,438,385,üîí,üîí,üîí,üîí,2021,
Bloomberg,439,415,üîí,üîí,üîí,üîí,2021,
New China Life (NCL),440,-,üîí,üîí,üîí,üîí,2021,
Saint-Gobain,441,304,üîí,üîí,üîí,üîí,2021,
Bayer,442,404,üîí,üîí,üîí,üîí,2021,
McLane,443,351,üîí,üîí,üîí,üîí,2021,
SiriusXM,444,412,üîí,üîí,üîí,üîí,2021,
Cardinal Health,445,-,üîí,üîí,üîí,üîí,2021,
Marshalls,446,408,üîí,üîí,üîí,üîí,2021,
BOE,447,-,üîí,üîí,üîí,üîí,2021,
Electronic Arts,448,-,üîí,üîí,üîí,üîí,2021,
Telia,449,469,üîí,üîí,üîí,üîí,2021,
Indian Oil,450,416,üîí,üîí,üîí,üîí,2021,
BNY Mellon,451,-,üîí,üîí,üîí,üîí,2021,
AmerisourceBergen,452,-,üîí,üîí,üîí,üîí,2021,
Aflac,453,417,üîí,üîí,üîí,üîí,2021,
Safran,454,327,üîí,üîí,üîí,üîí,2021,
LENNAR,455,-,üîí,üîí,üîí,üîí,2021,
Servicenow,456,-,üîí,üîí,üîí,üîí,2021,
Wipro,457,492,üîí,üîí,üîí,üîí,2021,
GS Group,458,-,üîí,üîí,üîí,üîí,2021,
Blackrock,459,-,üîí,üîí,üîí,üîí,2021,
McCain,460,468,üîí,üîí,üîí,üîí,2021,
Sodexo,461,485,üîí,üîí,üîí,üîí,2021,
Yonghui Superstores,462,-,üîí,üîí,üîí,üîí,2021,
CNP Assurances,463,-,üîí,üîí,üîí,üîí,2021,
China Re,464,-,üîí,üîí,üîí,üîí,2021,
Cadillac,465,-,üîí,üîí,üîí,üîí,2021,
China Taiping,466,-,üîí,üîí,üîí,üîí,2021,
Anta,467,446,üîí,üîí,üîí,üîí,2021,
Logan,468,-,üîí,üîí,üîí,üîí,2021,
Emerson Electric,469,471,üîí,üîí,üîí,üîí,2021,
Gatorade,470,481,üîí,üîí,üîí,üîí,2021,
Victoria's Secret,471,396,üîí,üîí,üîí,üîí,2021,
La Poste,472,-,üîí,üîí,üîí,üîí,2021,
Bristol-Myers Squibb,473,-,üîí,üîí,üîí,üîí,2021,
Sainsbury's,474,-,üîí,üîí,üîí,üîí,2021,
BDO Global,475,-,üîí,üîí,üîí,üîí,2021,
Merck & Co,476,497,üîí,üîí,üîí,üîí,2021,
ASML,477,-,üîí,üîí,üîí,üîí,2021,
Nordea,478,441,üîí,üîí,üîí,üîí,2021,
Garnier,479,451,üîí,üîí,üîí,üîí,2021,
Canadian National Railway,480,425,üîí,üîí,üîí,üîí,2021,
Huggies,481,493,üîí,üîí,üîí,üîí,2021,
D.R. Horton,482,499,üîí,üîí,üîí,üîí,2021,
Fujitsu Group,483,-,üîí,üîí,üîí,üîí,2021,
Abbott,484,459,üîí,üîí,üîí,üîí,2021,
Tim Hortons,485,475,üîí,üîí,üîí,üîí,2021,
Maersk,486,-,üîí,üîí,üîí,üîí,2021,
Gujing Gong Jiu,487,-,üîí,üîí,üîí,üîí,2021,
HBO,488,-,üîí,üîí,üîí,üîí,2021,
Bank of Beijing,489,-,üîí,üîí,üîí,üîí,2021,
Cummins,490,-,üîí,üîí,üîí,üîí,2021,
Omega,491,-,üîí,üîí,üîí,üîí,2021,
Banco do Brasil,492,462,üîí,üîí,üîí,üîí,2021,
Victoria,493,457,üîí,üîí,üîí,üîí,2021,
Pfizer,494,-,üîí,üîí,üîí,üîí,2021,
SABIC,495,491,üîí,üîí,üîí,üîí,2021,
Head & Shoulders,496,496,üîí,üîí,üîí,üîí,2021,
Sompo Japan Nipponkoa,497,483,üîí,üîí,üîí,üîí,2021,
UOB,498,440,üîí,üîí,üîí,üîí,2021,
Edeka,499,-,üîí,üîí,üîí,üîí,2021,
MSCI,500,-,üîí,üîí,üîí,üîí,2021,
